concepto,proveedor,plan,moneda_origen,precio_origen,periodicidad_origen,trm_cop_usd,monto_mensual_cop,cuota_facturacion_objetivo_pct,clasificacion,estado,fuente,nota
Google Workspace,Google,Business Plus,COP,109000,mensual,NO_APLICA,109000,0.646250,capacidad_instalada,FACTURA_USUARIO,Captura de factura de Google de septiembre 2026,Factura real de 1 seat del 1 al 30 de septiembre de 2026; la lista publica indicaba 90900
GitHub Copilot Pro+ y GitHub Pro,GitHub,Pro+ USD 39 y Pro USD 4,USD,43,mensual,3307.73,142232,0.843280,capacidad_instalada,FACTURA_USUARIO,Captura de facturacion de GitHub del 2026-10-01,Reemplaza el dato de COP 75000 indicado por el propietario
GitHub uso medido,GitHub,Actions y otros productos,USD,7.66,mensual,3307.73,25321,0.150126,capacidad_instalada,RESERVA_PROMEDIO_PAGOS,Historial de pagos de GitHub de agosto y septiembre 2026,Promedio del excedente sobre USD 43 en dos pagos; es un costo variable
Google One,Google,Google AI Pro 5 TB,COP,79000,mensual,NO_APLICA,79000,0.468383,capacidad_instalada,PRECIO_OFICIAL,https://one.google.com/about/plans,Plan personal solicitado por el propietario
Supabase,Supabase,Pro,USD,25,mensual,3307.73,82693,0.490279,capacidad_instalada,PRECIO_OFICIAL_CONVERTIDO,https://supabase.com/pricing,Incluye un proyecto Micro antes de excedentes
Expo,Expo,Starter,USD,19,mensual,3579.5662,68012,0.403236,capacidad_instalada,FACTURA_USUARIO,Captura de recibo de Expo pagado el 21 de junio de 2026,Cobro real de COP 68011.76 a la tasa de la tarjeta; consumos adicionales se cobran aparte
Google Cloud,Google Cloud,VM actual,COP,0,mensual,NO_APLICA,0,0,capacidad_instalada,COSTO_ACTUAL_DECLARADO,Conversacion 2026-10-01,Aloja bot de WhatsApp y monitoreos; controlar maquina disco red y creditos
AWS,AWS,S3 actual,COP,0,mensual,NO_APLICA,0,0,capacidad_instalada,COSTO_ACTUAL_DECLARADO,Conversacion 2026-10-01,Controlar almacenamiento solicitudes y transferencia
Dominio,Squarespace Domains,reyescomputing.com,COP,45377,anual,NO_APLICA,3781,0.022417,capacidad_instalada,FACTURA_USUARIO,Captura del panel de Google Workspace de registro de dominio,Plan anual de COP 45377 con contrato hasta el 30 de diciembre de 2026; amortizado en 12 meses
Internet,Claro Colombia,Internet hogar tarifa publica,COP,79900,mensual,NO_APLICA,79900,0.473719,capacidad_instalada,PRECIO_PUBLICO_ESTANDAR,https://www.claro.com.co/personas/servicios/servicios-hogar/internet/,Tarifa publica estandar de Claro; el propietario aclara que no requiere factura
TOTAL_MENSUAL,Reyes Computing,Proveedores y SaaS,COP,589939,mensual,NO_APLICA,589939,3.497690,capacidad_instalada,DERIVADO,Suma de filas,Cuota conjunta sobre facturacion objetivo; no incluye compensacion del fundador