concepto,responsable,monto_cop,periodicidad,naturaleza,horas_humanas_mes,cuota_facturacion_objetivo_pct,estado,fuente,nota
Compensacion fundador,Jefferson Reyes,7000000,mensual,costo_fijo,130,41.502310,CONFIRMADO_USUARIO,Conversacion 2026-10-01,Costo total cargado confirmado por el propietario que incluye prestaciones y seguridad social (factor 1.56 sobre salario implicito de 4487179); la automatizacion posterior no consume horas por defecto
Google Workspace Business Plus,Google,109000,mensual,software_productividad,0,0.646250,FACTURA_USUARIO,Captura de factura de Google de septiembre 2026,Factura real de 1 seat Business Plus del 1 al 30 de septiembre de 2026; la lista publica indicaba 90900
GitHub Copilot Pro+ y GitHub Pro,GitHub,142232,mensual,software_ia,0,0.843280,FACTURA_USUARIO,Captura de facturacion de GitHub del 2026-10-01,Copilot Pro+ USD 39 y GitHub Pro USD 4 convertidos con TRM COP 3307.73; reemplaza el dato de COP 75000 indicado por el propietario
GitHub uso medido,GitHub,25321,mensual,software_ia,0,0.150126,RESERVA_PROMEDIO_PAGOS,Historial de pagos de GitHub de agosto y septiembre 2026,Promedio de USD 7.66 sobre la suscripcion en los pagos de USD 48.00 y 53.31; el uso de octubre va en USD 33.32 brutos menos USD 11.63 incluidos
Google AI Pro,Google,79000,mensual,software_ia,0,0.468383,PRECIO_OFICIAL,https://one.google.com/about/plans,Capacidad instalada compartida del plan de 5 TB observado para Colombia
Supabase Pro,Supabase,82693,mensual,infraestructura_aplicaciones,0,0.490279,PRECIO_OFICIAL_CONVERTIDO,https://supabase.com/pricing,Capacidad instalada desde un proyecto Micro sin excedentes
Expo Starter,Expo,68012,mensual,infraestructura_aplicaciones,0,0.403236,FACTURA_USUARIO,Captura de recibo de Expo pagado el 21 de junio de 2026,Recibo real: USD 19.00 cobrados como COP 68011.76 a 3579.5662 COP por USD; consumos que excedan creditos y cuotas se asignan aparte
VM GCP,Google Cloud,0,mensual,infraestructura_nube,0,0,COSTO_ACTUAL_DECLARADO,Conversacion 2026-10-01,Ejecutara bot de WhatsApp y monitoreos; revisar facturacion y uso cada mes
Buckets AWS S3,AWS,0,mensual,infraestructura_nube,0,0,COSTO_ACTUAL_DECLARADO,Conversacion 2026-10-01,Capacidad instalada actual; revisar almacenamiento solicitudes y transferencia
Dominio reyescomputing.com,Squarespace Domains,3781,mensual_amortizado,dominio,0,0.022417,FACTURA_USUARIO,Captura del panel de Google Workspace de registro de dominio,Plan anual de COP 45377 con contrato hasta el 30 de diciembre de 2026; amortizado en 12 meses
Internet Claro,Claro Colombia,79900,mensual,conectividad,0,0.473719,PRECIO_PUBLICO_ESTANDAR,https://www.claro.com.co/personas/servicios/servicios-hogar/internet/,Tarifa publica estandar de Claro; el propietario aclara que no requiere factura
Total operacion base,Reyes Computing,7589939,mensual,costo_fijo,130,45,DERIVADO,Suma de costos operativos,Cubre el 45 por ciento de una facturacion objetivo mensual de COP 16866531
