escenario,producto,precio_propuesto_cop,unidades_mes,horas_mes,facturacion_cop,costos_directos_cop
E1_50_50,Landing,990000,2.43,15.0,2402096,110101
E1_50_50,Web empresarial,2090000,1.15,17.1,2402096,52153
E1_50_50,Tienda online,4460000,0.54,17.9,2402096,24439
E1_50_50,Landing con Correo Corporativo,2030000,1.18,9.1,2402096,547102
E1_50_50,Sitio Web con Correo Corporativo,4090000,0.59,9.6,2402096,516438
E1_50_50,Ads de arranque,1040000,5.77,46.2,6005239,0
E1_50_50,Motor de Clientes,1600000,3.75,15.0,6005239,14191
E1_50_50,TOTAL,,,130.0,24020956,1264424
E2_65_35,Landing,990000,3.10,19.2,3069001,140669
E2_65_35,Web empresarial,2090000,1.47,21.9,3069001,66633
E2_65_35,Tienda online,4460000,0.69,22.8,3069001,31225
E2_65_35,Landing con Correo Corporativo,2030000,1.51,11.6,3069001,698996
E2_65_35,Sitio Web con Correo Corporativo,4090000,0.75,12.3,3069001,659820
E2_65_35,Ads de arranque,1040000,3.97,31.8,4131348,0
E2_65_35,Motor de Clientes,1600000,2.58,10.3,4131348,9763
E2_65_35,TOTAL,,,130.0,23607702,1607104
E3_80_20,Landing,990000,3.75,23.3,3713348,170203
E3_80_20,Web empresarial,2090000,1.78,26.5,3713348,80622
E3_80_20,Tienda online,4460000,0.83,27.6,3713348,37780
E3_80_20,Landing con Correo Corporativo,2030000,1.83,14.1,3713348,845753
E3_80_20,Sitio Web con Correo Corporativo,4090000,0.91,14.9,3713348,798351
E3_80_20,Ads de arranque,1040000,2.23,17.9,2320843,0
E3_80_20,Motor de Clientes,1600000,1.45,5.8,2320843,5484
E3_80_20,TOTAL,,,130.0,23208427,1938193
